{"sections":{"image_banner":{"type":"image-banner","blocks":{"heading":{"type":"heading","settings":{"heading":"Image banner","heading_size":"h0"}},"text":{"type":"text","settings":{"text":"Give customers details about the banner image(s) or content on the template.","text_style":"body"}},"button":{"type":"buttons","settings":{"button_label_1":"Shop all","button_link_1":"shopify:\/\/collections\/all","button_style_secondary_1":true,"button_label_2":"","button_link_2":"","button_style_secondary_2":false}}},"block_order":["heading","text","button"],"settings":{"image":"{{ shop.brand.cover_image }}","image_overlay_opacity":40,"image_height":"large","adapt_height_first_image":false,"desktop_content_position":"bottom-center","show_text_box":false,"desktop_content_alignment":"center","color_scheme":"background-1","mobile_content_alignment":"center","stack_images_on_mobile":false,"show_text_below":false}},"1662540460e9c7ef5d":{"type":"half-text-image","settings":{"headline":"Welcome to Virtual Try-on","sub_headline":"This is a sub headline","content":"<p>Share information about your brand with your customers. Describe a product, make announcements, or welcome customers to your store.Share information about your brand with your customers. Describe a product, make announcements, or welcome customers to your store.Share information about your brand with your customers. Describe a product, make announcements, or welcome customers to your store.Share information about your brand with your customers. Describe a product, make announcements, or welcome customers to your store.Share information about your brand with your customers. Describe a product, make announcements, or welcome customers to your store.Share information about your brand with your customers. Describe a product, make announcements, or welcome customers to your store.<\/p><p><\/p><p><\/p>","half_image":"shopify:\/\/shop_images\/shellfish-pasta-pizza-and-italian-food.jpg","image_position":"right"}},"1662540589577cd80a":{"type":"half-text-image","settings":{"headline":"London At Our Heart","sub_headline":"This is a sub headline","content":"<p>Share information about your brand with your customers. Describe a product, make announcements, or welcome customers to your store.Share information about your brand with your customers. Describe a product, make announcements, or welcome customers to your store.Share information about your brand with your customers. Describe a product, make announcements, or welcome customers to your store.Share information about your brand with your customers. Describe a product, make announcements, or welcome customers to your store.Share information about your brand with your customers. Describe a product, make announcements, or welcome customers to your store.Share information about your brand with your customers. Describe a product, make announcements, or welcome customers to your store.<\/p>","half_image":"shopify:\/\/shop_images\/flatlay-iron-skillet-with-meat-and-other-food.jpg","image_position":"left"}},"rich_text":{"type":"rich-text","blocks":{"heading":{"type":"heading","settings":{"heading":"<p>Talk about your brand<\/p>","heading_size":"h1"}},"text":{"type":"text","settings":{"text":"<p>Share information about your brand with your customers. Describe a product, make announcements, or welcome customers to your store.Share information about your brand with your customers. Describe a product, make announcements, or welcome customers to your store.<\/p>"}}},"block_order":["heading","text"],"settings":{"desktop_content_position":"center","content_alignment":"center","color_scheme":"background-1","full_width":true,"padding_top":40,"padding_bottom":0}},"16625406737252649d":{"type":"my-slideshow","blocks":{"16625406734124a944-0":{"type":"image","settings":{"image":"shopify:\/\/shop_images\/two-pizzas-and-wine.jpg","apply_overlay":true,"content_position":"bottomLeft","subheading":"Slide title","title":"Tell your story","content":"<p>Add your own custom content to give more information about your store, availability details...<\/p>","button_1_text":"","button_1_link":"","button_2_text":"","button_2_link":""}},"16625406734124a944-1":{"type":"image","settings":{"image":"shopify:\/\/shop_images\/person-cuts-into-plate-of-pasta.jpg","apply_overlay":true,"content_position":"bottomLeft","subheading":"Slide title","title":"Tell your story","content":"<p>Add your own custom content to give more information about your store, availability details...<\/p>","button_1_text":"","button_1_link":"","button_2_text":"","button_2_link":""}},"16625406734124a944-2":{"type":"image","settings":{"image":"shopify:\/\/shop_images\/eggy-breakfast.jpg","apply_overlay":true,"content_position":"bottomLeft","subheading":"Slide title","title":"Tell your story","content":"<p>Add your own custom content to give more information about your store, availability details...<\/p>","button_1_text":"","button_1_link":"","button_2_text":"","button_2_link":""}},"ba970ed8-68ca-4ec3-b976-342583047e9b":{"type":"image","settings":{"image":"shopify:\/\/shop_images\/its-pasta-night.jpg","apply_overlay":true,"content_position":"bottomLeft","subheading":"Slide title","title":"Tell your story","content":"<p>Add your own custom content to give more information about your store, availability details...<\/p>","button_1_text":"","button_1_link":"","button_2_text":"","button_2_link":""}},"f2243b5f-a635-42cf-818e-f5a8490cacad":{"type":"image","settings":{"image":"shopify:\/\/shop_images\/shellfish-pasta-pizza-and-italian-food.jpg","apply_overlay":true,"content_position":"bottomLeft","subheading":"Slide title","title":"Tell your story","content":"<p>Add your own custom content to give more information about your store, availability details...<\/p>","button_1_text":"","button_1_link":"","button_2_text":"","button_2_link":""}}},"block_order":["16625406734124a944-0","16625406734124a944-1","16625406734124a944-2","ba970ed8-68ca-4ec3-b976-342583047e9b","f2243b5f-a635-42cf-818e-f5a8490cacad"],"settings":{"show_fullscreen":false,"show_arrow":true,"autoplay":true,"cycle_speed":5,"text_color":"#ffffff","button_color":"#363636","button_background":"#ffffff"}},"featured_collection":{"type":"featured-collection","settings":{"title":"Featured products","heading_size":"h2","description":"","show_description":false,"description_style":"body","collection":"all","products_to_show":8,"columns_desktop":4,"full_width":false,"show_view_all":false,"view_all_style":"solid","enable_desktop_slider":false,"color_scheme":"background-1","image_ratio":"adapt","show_secondary_image":true,"show_vendor":false,"show_rating":false,"enable_quick_add":false,"columns_mobile":"2","swipe_on_mobile":false,"padding_top":28,"padding_bottom":36}},"collage":{"type":"collage","blocks":{"collection-0":{"type":"collection","settings":{"collection":""}},"product":{"type":"product","settings":{"product":"","second_image":false}},"collection-1":{"type":"collection","settings":{"collection":""}}},"block_order":["collection-0","product","collection-1"],"settings":{"heading":"Multimedia collage","heading_size":"h2","desktop_layout":"left","mobile_layout":"collage","color_scheme":"background-1","padding_top":36,"padding_bottom":36}},"video":{"type":"video","settings":{"heading":"","heading_size":"h1","video_url":"https:\/\/www.youtube.com\/watch?v=_9VUPq3SxOc","description":"","full_width":false,"color_scheme":"background-1","padding_top":36,"padding_bottom":36}},"multicolumn":{"type":"multicolumn","blocks":{"column1":{"type":"column","settings":{"title":"Column","text":"<p>Pair text with an image to focus on your chosen product, collection, or blog post. Add details on availability, style, or even provide a review.<\/p>","link_label":"","link":""}},"column2":{"type":"column","settings":{"title":"Column","text":"<p>Pair text with an image to focus on your chosen product, collection, or blog post. Add details on availability, style, or even provide a review.<\/p>","link_label":"","link":""}},"column3":{"type":"column","settings":{"title":"Column","text":"<p>Pair text with an image to focus on your chosen product, collection, or blog post. Add details on availability, style, or even provide a review.<\/p>","link_label":"","link":""}}},"block_order":["column1","column2","column3"],"settings":{"title":"","heading_size":"h1","image_width":"third","image_ratio":"adapt","columns_desktop":3,"column_alignment":"center","background_style":"none","button_label":"","button_link":"","color_scheme":"background-1","columns_mobile":"1","swipe_on_mobile":false,"padding_top":36,"padding_bottom":36}}},"order":["image_banner","1662540460e9c7ef5d","1662540589577cd80a","rich_text","16625406737252649d","featured_collection","collage","video","multicolumn"]}